<Ui xmlns="http://www.blizzard.com/wow/ui/" xmlns:xsi="http://www.w3.org/2001/XMLSchema-instance" xsi:schemaLocation="http://www.blizzard.com/wow/ui/
..\..\FrameXML\UI.xsd">
	<Include file="GuideDefault.lua" />
	<Include file="AlchemyLab.lua" />
	<Include file="AlchemyTrainer.lua" />
	<Include file="AltarOfShadows.lua" />
	<Include file="Anvil.lua" />
	<Include file="ArchaeologyTrainer.lua" />
	<Include file="Auctioneer.lua" />
	<Include file="Banker.lua" />
	<Include file="Barber.lua" />
	<Include file="BattlePetTrainer.lua" />
	<Include file="BlacksmithingTrainer.lua" />
	<Include file="CookingTrainer.lua" />
	<Include file="DeathKnightTrainer.lua" />
	<Include file="DruidTrainer.lua" />
	<Include file="EnchantingTrainer.lua" />
	<Include file="EngineeringTrainer.lua" />
	<Include file="FirstAidTrainer.lua" />
	<Include file="FishingTrainer.lua" />
	<Include file="FlightMaster.lua" />
	<Include file="FlyingTrainer.lua" />
	<Include file="Forge.lua" />
	<Include file="HerbalismTrainer.lua" />
	<Include file="HunterTrainer.lua" />
	<Include file="Innkeeper.lua" />
	<Include file="InscriptionTrainer.lua" />
	<Include file="JewelcraftingTrainer.lua" />
	<Include file="LeatherworkingTrainer.lua" />
	<Include file="LightforgedBeacons.lua" />
	<Include file="MageTrainer.lua" />
	<Include file="Mailbox.lua" />
	<Include file="ManaLoom.lua" />
	<Include file="GraceLoom.lua" />
	<Include file="MiningTrainer.lua" />
	<Include file="MonkTrainer.lua" />
	<Include file="Moonwell.lua" />
	<Include file="PaladinTrainer.lua" />
	<Include file="PriestTrainer.lua" />
	<Include file="RidingTrainer.lua" />
	<Include file="RogueTrainer.lua" />
	<Include file="ShamanTrainer.lua" />
	<Include file="SkinningTrainer.lua" />
	<Include file="StableMaster.lua" />
	<Include file="TailoringTrainer.lua" />
	<Include file="Transmogrifier.lua" />
	<Include file="VoidStorage.lua" />
	<Include file="WarlockTrainer.lua" />
	<Include file="WarriorTrainer.lua" />
</Ui>
